{
  "best_threshold": 0.35000000000000003,
  "precision": 0.8484059856864021,
  "recall": 0.907761921336582,
  "f1": 0.8770808811165294
}